ID,Prediction
1,0.53
2,0.97367
3,0.10045
4,0.35285
5,0.89298
6,0.37281
7,0.91189
8,0.31425
9,0.84208
10,0.51848
11,0.97482
12,0.09605
13,0.33923
14,0.87496
15,0.42687
16,0.95338
17,0.17358
18,0.55988
19,0.96017
20,0.14933
21,0.49517
22,0.53
23,0.96104
24,0.14496
25,0.47903
26,0.96509
27,0.13071
28,0.43931
29,0.95174
30,0.17764
31,0.56419
32,0.94914
33,0.18645
34,0.58499
35,0.93617
36,0.23061
37,0.68444
38,0.83491
39,0.53168
40,0.9612
41,0.144
42,0.47667
